date,samplingperiod
2015-07-01,1
2015-07-02,1
2015-07-03,1
2015-07-04,1
2015-07-05,1
2015-07-06,1
2015-07-07,1
2015-07-08,1
2015-07-09,1
2015-07-10,1
2015-07-11,1
2015-07-12,1
2015-07-13,1
2015-07-14,1
2015-07-15,1
2015-07-16,1
2015-07-17,1
2015-07-18,1
2015-07-19,1
2015-07-20,1
2015-07-21,1
2015-07-22,1
2015-07-23,1
2015-07-24,1
2015-07-25,1
2015-07-26,1
2015-07-27,1
2015-07-28,1
2015-07-29,1
2015-07-30,1
2015-07-31,2
2015-08-01,2
2015-08-02,2
2015-08-03,2
2015-08-04,2
2015-08-05,2
2015-08-06,2
2015-08-07,2
2015-08-08,2
2015-08-09,2
2015-08-10,2
2015-08-11,2
2015-08-12,2
2015-08-13,2
2015-08-14,2
2015-08-15,2
2015-08-16,2
2015-08-17,2
2015-08-18,2
2015-08-19,2
2015-08-20,2
2015-08-21,2
2015-08-22,2
2015-08-23,2
2015-08-24,2
2015-08-25,2
2015-08-26,2
2015-08-27,2
2015-08-28,2
2015-08-29,2
2015-08-30,3
2015-08-31,3
2015-09-01,3
2015-09-02,3
2015-09-03,3
2015-09-04,3
2015-09-05,3
2015-09-06,3
2015-09-07,3
2015-09-08,3
2015-09-09,3
2015-09-10,3
2015-09-11,3
2015-09-12,3
2015-09-13,3
2015-09-14,3
2015-09-15,3
2015-09-16,3
2015-09-17,3
2015-09-18,3
2015-09-19,3
2015-09-20,3
2015-09-21,3
2015-09-22,3
2015-09-23,3
2015-09-24,3
2015-09-25,3
2015-09-26,3
2015-09-27,3
2015-09-28,3
2015-09-29,4
2015-09-30,4
2015-10-01,4
2015-10-02,4
2015-10-03,4
2015-10-04,4
2015-10-05,4
2015-10-06,4
2015-10-07,4
2015-10-08,4
2015-10-09,4
2015-10-10,4
2015-10-11,4
2015-10-12,4
2015-10-13,4
2015-10-14,4
2015-10-15,4
2015-10-16,4
2015-10-17,4
2015-10-18,4
2015-10-19,4
2015-10-20,4
2015-10-21,4
2015-10-22,4
2015-10-23,4
2015-10-24,4
2015-10-25,4
2015-10-26,4
2015-10-27,4
2015-10-28,4
2015-10-29,5
2015-10-30,5
2015-10-31,5
2015-11-01,5
2015-11-02,5
2015-11-03,5
2015-11-04,5
2015-11-05,5
2015-11-06,5
2015-11-07,5
2015-11-08,5
2015-11-09,5
2015-11-10,5
2015-11-11,5
2015-11-12,5
2015-11-13,5
2015-11-14,5
2015-11-15,5
2015-11-16,5
2015-11-17,5
2015-11-18,5
2015-11-19,5
2015-11-20,5
2015-11-21,5
2015-11-22,5
2015-11-23,5
2015-11-24,5
2015-11-25,5
2015-11-26,5
2015-11-27,5
2015-11-28,6
2015-11-29,6
2015-11-30,6
2015-12-01,6
2015-12-02,6
2015-12-03,6
2015-12-04,6
2015-12-05,6
2015-12-06,6
2015-12-07,6
2015-12-08,6
2015-12-09,6
2015-12-10,6
2015-12-11,6
2015-12-12,6
2015-12-13,6
2015-12-14,6
2015-12-15,6
2015-12-16,6
2015-12-17,6
2015-12-18,6
2015-12-19,6
2015-12-20,6
2015-12-21,6
2015-12-22,6
2015-12-23,6
2015-12-24,6
2015-12-25,6
2015-12-26,6
2015-12-27,6
2015-12-28,7
2015-12-29,7
2015-12-30,7
2015-12-31,7
2016-01-01,7
2016-01-02,7
2016-01-03,7
2016-01-04,7
2016-01-05,7
2016-01-06,7
2016-01-07,7
2016-01-08,7
2016-01-09,7
2016-01-10,7
2016-01-11,7
2016-01-12,7
2016-01-13,7
2016-01-14,7
2016-01-15,7
2016-01-16,7
2016-01-17,7
2016-01-18,7
2016-01-19,7
2016-01-20,7
2016-01-21,7
2016-01-22,7
2016-01-23,7
2016-01-24,7
2016-01-25,7
2016-01-26,7
2016-01-27,8
2016-01-28,8
2016-01-29,8
2016-01-30,8
2016-01-31,8
2016-02-01,8
2016-02-02,8
2016-02-03,8
2016-02-04,8
2016-02-05,8
2016-02-06,8
2016-02-07,8
2016-02-08,8
2016-02-09,8
2016-02-10,8
2016-02-11,8
2016-02-12,8
2016-02-13,8
2016-02-14,8
2016-02-15,8
2016-02-16,8
2016-02-17,8
2016-02-18,8
2016-02-19,8
2016-02-20,8
2016-02-21,8
2016-02-22,8
2016-02-23,8
2016-02-24,8
2016-02-25,8
2016-02-26,9
2016-02-27,9
2016-02-28,9
2016-02-29,9
2016-03-01,9
2016-03-02,9
2016-03-03,9
2016-03-04,9
2016-03-05,9
2016-03-06,9
2016-03-07,9
2016-03-08,9
2016-03-09,9
2016-03-10,9
2016-03-11,9
2016-03-12,9
2016-03-13,9
2016-03-14,9
2016-03-15,9
2016-03-16,9
2016-03-17,9
2016-03-18,9
2016-03-19,9
2016-03-20,9
2016-03-21,9
2016-03-22,9
2016-03-23,9
2016-03-24,9
2016-03-25,9
2016-03-26,9
2016-03-27,10
2016-03-28,10
2016-03-29,10
2016-03-30,10
2016-03-31,10
2016-04-01,10
2016-04-02,10
2016-04-03,10
2016-04-04,10
2016-04-05,10
2016-04-06,10
2016-04-07,10
2016-04-08,10
2016-04-09,10
2016-04-10,10
2016-04-11,10
2016-04-12,10
2016-04-13,10
2016-04-14,10
2016-04-15,10
2016-04-16,10
2016-04-17,10
2016-04-18,10
2016-04-19,10
2016-04-20,10
2016-04-21,10
2016-04-22,10
2016-04-23,10
2016-04-24,10
2016-04-25,10
2016-04-26,11
2016-04-27,11
2016-04-28,11
2016-04-29,11
2016-04-30,11
2016-05-01,11
2016-05-02,11
2016-05-03,11
2016-05-04,11
2016-05-05,11
2016-05-06,11
2016-05-07,11
2016-05-08,11
2016-05-09,11
2016-05-10,11
2016-05-11,11
2016-05-12,11
2016-05-13,11
2016-05-14,11
2016-05-15,11
2016-05-16,11
2016-05-17,11
2016-05-18,11
2016-05-19,11
2016-05-20,11
2016-05-21,11
2016-05-22,11
2016-05-23,11
2016-05-24,11
2016-05-25,11
2016-05-26,12
2016-05-27,12
2016-05-28,12
2016-05-29,12
2016-05-30,12
2016-05-31,12
2016-06-01,12
2016-06-02,12
2016-06-03,12
2016-06-04,12
2016-06-05,12
2016-06-06,12
2016-06-07,12
2016-06-08,12
2016-06-09,12
2016-06-10,12
2016-06-11,12
2016-06-12,12
2016-06-13,12
2016-06-14,12
2016-06-15,12
2016-06-16,12
2016-06-17,12
2016-06-18,12
2016-06-19,12
2016-06-20,12
2016-06-21,12
2016-06-22,12
2016-06-23,12
2016-06-24,12
2016-06-25,13
2016-06-26,13
2016-06-27,13
2016-06-28,13
2016-06-29,13
2016-06-30,13
2016-07-01,13
2016-07-02,13
2016-07-03,13
2016-07-04,13
2016-07-05,13
2016-07-06,13
2016-07-07,13
2016-07-08,13
2016-07-09,13
2016-07-10,13
2016-07-11,13
2016-07-12,13
2016-07-13,13
2016-07-14,13
2016-07-15,13
2016-07-16,13
2016-07-17,13
2016-07-18,13
2016-07-19,13
2016-07-20,13
2016-07-21,13
2016-07-22,13
2016-07-23,13
2016-07-24,13
2016-07-25,14
2016-07-26,14
2016-07-27,14
2016-07-28,14
2016-07-29,14
2016-07-30,14
2016-07-31,14
2016-08-01,14
2016-08-02,14
2016-08-03,14
2016-08-04,14
2016-08-05,14
2016-08-06,14
2016-08-07,14
2016-08-08,14
2016-08-09,14
2016-08-10,14
2016-08-11,14
2016-08-12,14
2016-08-13,14
2016-08-14,14
2016-08-15,14
2016-08-16,14
2016-08-17,14
2016-08-18,14
2016-08-19,14
2016-08-20,14
2016-08-21,14
2016-08-22,14
2016-08-23,14
2016-08-24,15
2016-08-25,15
2016-08-26,15
2016-08-27,15
2016-08-28,15
2016-08-29,15
2016-08-30,15
2016-08-31,15
2016-09-01,15
2016-09-02,15
2016-09-03,15
2016-09-04,15
2016-09-05,15
2016-09-06,15
2016-09-07,15
2016-09-08,15
2016-09-09,15
2016-09-10,15
2016-09-11,15
2016-09-12,15
2016-09-13,15
2016-09-14,15
2016-09-15,15
2016-09-16,15
2016-09-17,15
2016-09-18,15
2016-09-19,15
2016-09-20,15
2016-09-21,15
2016-09-22,15
2016-09-23,16
2016-09-24,16
2016-09-25,16
2016-09-26,16
2016-09-27,16
2016-09-28,16
2016-09-29,16
2016-09-30,16
2016-10-01,16
2016-10-02,16
2016-10-03,16
2016-10-04,16
2016-10-05,16
2016-10-06,16
2016-10-07,16
2016-10-08,16
2016-10-09,16
2016-10-10,16
2016-10-11,16
2016-10-12,16
2016-10-13,16
2016-10-14,16
2016-10-15,16
2016-10-16,16
2016-10-17,16
2016-10-18,16
2016-10-19,16
2016-10-20,16
2016-10-21,16
2016-10-22,16
2016-10-23,17
2016-10-24,17
2016-10-25,17
2016-10-26,17
2016-10-27,17
2016-10-28,17
2016-10-29,17
2016-10-30,17
2016-10-31,17
2016-11-01,17
2016-11-02,17
2016-11-03,17
2016-11-04,17
2016-11-05,17
2016-11-06,17
2016-11-07,17
2016-11-08,17
2016-11-09,17
2016-11-10,17
2016-11-11,17
2016-11-12,17
2016-11-13,17
2016-11-14,17
2016-11-15,17
2016-11-16,17
2016-11-17,17
2016-11-18,17
2016-11-19,17
2016-11-20,17
2016-11-21,17
2016-11-22,18
2016-11-23,18
2016-11-24,18
2016-11-25,18
2016-11-26,18
2016-11-27,18
2016-11-28,18
2016-11-29,18
2016-11-30,18
2016-12-01,18
2016-12-02,18
2016-12-03,18
2016-12-04,18
2016-12-05,18
2016-12-06,18
2016-12-07,18
2016-12-08,18
2016-12-09,18
2016-12-10,18
2016-12-11,18
2016-12-12,18
2016-12-13,18
2016-12-14,18
2016-12-15,18
2016-12-16,18
2016-12-17,18
2016-12-18,18
2016-12-19,18
2016-12-20,18
2016-12-21,18
2016-12-22,19
2016-12-23,19
2016-12-24,19
2016-12-25,19
2016-12-26,19
2016-12-27,19
2016-12-28,19
2016-12-29,19
2016-12-30,19
2016-12-31,19
2017-01-01,19
2017-01-02,19
2017-01-03,19
2017-01-04,19
2017-01-05,19
2017-01-06,19
2017-01-07,19
2017-01-08,19
2017-01-09,19
2017-01-10,19
2017-01-11,19
2017-01-12,19
2017-01-13,19
2017-01-14,19
2017-01-15,19
2017-01-16,19
2017-01-17,19
2017-01-18,19
2017-01-19,19
2017-01-20,19
2017-01-21,20
2017-01-22,20
2017-01-23,20
2017-01-24,20
2017-01-25,20
2017-01-26,20
2017-01-27,20
2017-01-28,20
2017-01-29,20
2017-01-30,20
2017-01-31,20
2017-02-01,20
2017-02-02,20
2017-02-03,20
2017-02-04,20
2017-02-05,20
2017-02-06,20
2017-02-07,20
2017-02-08,20
2017-02-09,20
2017-02-10,20
2017-02-11,20
2017-02-12,20
2017-02-13,20
2017-02-14,20
2017-02-15,20
2017-02-16,20
2017-02-17,20
2017-02-18,20
2017-02-19,20
2017-02-20,21
2017-02-21,21
2017-02-22,21
2017-02-23,21
2017-02-24,21
2017-02-25,21
2017-02-26,21
2017-02-27,21
2017-02-28,21
2017-03-01,21
2017-03-02,21
2017-03-03,21
2017-03-04,21
2017-03-05,21
2017-03-06,21
2017-03-07,21
2017-03-08,21
2017-03-09,21
2017-03-10,21
2017-03-11,21
2017-03-12,21
2017-03-13,21
2017-03-14,21
2017-03-15,21
2017-03-16,21
2017-03-17,21
2017-03-18,21
2017-03-19,21
2017-03-20,21
2017-03-21,21
2017-03-22,22
2017-03-23,22
2017-03-24,22
2017-03-25,22
2017-03-26,22
2017-03-27,22
2017-03-28,22
2017-03-29,22
2017-03-30,22
2017-03-31,22
2017-04-01,22
2017-04-02,22
2017-04-03,22
2017-04-04,22
2017-04-05,22
2017-04-06,22
2017-04-07,22
2017-04-08,22
2017-04-09,22
2017-04-10,22
2017-04-11,22
2017-04-12,22
2017-04-13,22
2017-04-14,22
2017-04-15,22
2017-04-16,22
2017-04-17,22
2017-04-18,22
2017-04-19,22
2017-04-20,22
2017-04-21,23
2017-04-22,23
2017-04-23,23
2017-04-24,23
2017-04-25,23
2017-04-26,23
2017-04-27,23
2017-04-28,23
2017-04-29,23
2017-04-30,23
2017-05-01,23
2017-05-02,23
2017-05-03,23
2017-05-04,23
2017-05-05,23
2017-05-06,23
2017-05-07,23
2017-05-08,23
2017-05-09,23
2017-05-10,23
2017-05-11,23
2017-05-12,23
2017-05-13,23
2017-05-14,23
2017-05-15,23
2017-05-16,23
2017-05-17,23
2017-05-18,23
2017-05-19,23
2017-05-20,23
2017-05-21,24
2017-05-22,24
2017-05-23,24
2017-05-24,24
2017-05-25,24
2017-05-26,24
2017-05-27,24
2017-05-28,24
2017-05-29,24
2017-05-30,24
2017-05-31,24
2017-06-01,24
2017-06-02,24
2017-06-03,24
2017-06-04,24
2017-06-05,24
2017-06-06,24
2017-06-07,24
2017-06-08,24
2017-06-09,24
2017-06-10,24
2017-06-11,24
2017-06-12,24
2017-06-13,24
2017-06-14,24
2017-06-15,24
2017-06-16,24
2017-06-17,24
2017-06-18,24
2017-06-19,24
2017-06-20,25
2017-06-21,25
2017-06-22,25
2017-06-23,25
2017-06-24,25
2017-06-25,25
2017-06-26,25
2017-06-27,25
2017-06-28,25
2017-06-29,25
2017-06-30,25
2017-07-01,25
2017-07-02,25
2017-07-03,25
2017-07-04,25
2017-07-05,25
2017-07-06,25
2017-07-07,25
2017-07-08,25
2017-07-09,25
2017-07-10,25
2017-07-11,25
2017-07-12,25
2017-07-13,25
2017-07-14,25
2017-07-15,25
2017-07-16,25
2017-07-17,25
2017-07-18,25
2017-07-19,25
2017-07-20,26
2017-07-21,26
2017-07-22,26
2017-07-23,26
2017-07-24,26
2017-07-25,26
2017-07-26,26
2017-07-27,26
2017-07-28,26
2017-07-29,26
2017-07-30,26
2017-07-31,26
2017-08-01,26
2017-08-02,26
2017-08-03,26
2017-08-04,26
2017-08-05,26
2017-08-06,26
2017-08-07,26
2017-08-08,26
2017-08-09,26
2017-08-10,26
2017-08-11,26
2017-08-12,26
2017-08-13,26
2017-08-14,26
2017-08-15,26
2017-08-16,26
2017-08-17,26
2017-08-18,26
2017-08-19,27
2017-08-20,27
2017-08-21,27
2017-08-22,27
2017-08-23,27
2017-08-24,27
2017-08-25,27
2017-08-26,27
2017-08-27,27
2017-08-28,27
2017-08-29,27
2017-08-30,27
2017-08-31,27
2017-09-01,27
2017-09-02,27
2017-09-03,27
2017-09-04,27
2017-09-05,27
2017-09-06,27
2017-09-07,27
2017-09-08,27
2017-09-09,27
2017-09-10,27
2017-09-11,27
2017-09-12,27
2017-09-13,27
2017-09-14,27
2017-09-15,27
2017-09-16,27
2017-09-17,27
2017-09-18,28
2017-09-19,28
2017-09-20,28
2017-09-21,28
2017-09-22,28
2017-09-23,28
2017-09-24,28
2017-09-25,28
2017-09-26,28
2017-09-27,28
2017-09-28,28
2017-09-29,28
2017-09-30,28
2017-10-01,28
2017-10-02,28
2017-10-03,28
2017-10-04,28
2017-10-05,28
2017-10-06,28
2017-10-07,28
2017-10-08,28
2017-10-09,28
2017-10-10,28
2017-10-11,28
2017-10-12,28
2017-10-13,28
2017-10-14,28
2017-10-15,28
2017-10-16,28
2017-10-17,28
2017-10-18,29
2017-10-19,29
2017-10-20,29
2017-10-21,29
2017-10-22,29
2017-10-23,29
2017-10-24,29
2017-10-25,29
2017-10-26,29
2017-10-27,29
2017-10-28,29
2017-10-29,29
2017-10-30,29
2017-10-31,29
2017-11-01,29
2017-11-02,29
2017-11-03,29
2017-11-04,29
2017-11-05,29
2017-11-06,29
2017-11-07,29
2017-11-08,29
2017-11-09,29
2017-11-10,29
2017-11-11,29
2017-11-12,29
2017-11-13,29
2017-11-14,29
2017-11-15,29
2017-11-16,29
2017-11-17,30
2017-11-18,30
2017-11-19,30
2017-11-20,30
2017-11-21,30
2017-11-22,30
2017-11-23,30
2017-11-24,30
2017-11-25,30
2017-11-26,30
2017-11-27,30
2017-11-28,30
2017-11-29,30
2017-11-30,30
2017-12-01,30
2017-12-02,30
2017-12-03,30
2017-12-04,30
2017-12-05,30
2017-12-06,30
2017-12-07,30
2017-12-08,30
2017-12-09,30
2017-12-10,30
2017-12-11,30
2017-12-12,30
2017-12-13,30
2017-12-14,30
2017-12-15,30
2017-12-16,30
2017-12-17,31
2017-12-18,31
2017-12-19,31
2017-12-20,31
2017-12-21,31
2017-12-22,31
2017-12-23,31
2017-12-24,31
2017-12-25,31
2017-12-26,31
2017-12-27,31
2017-12-28,31
2017-12-29,31
2017-12-30,31
2017-12-31,31
2018-01-01,31
2018-01-02,31
2018-01-03,31
2018-01-04,31
2018-01-05,31
2018-01-06,31
2018-01-07,31
2018-01-08,31
2018-01-09,31
2018-01-10,31
2018-01-11,31
2018-01-12,31
2018-01-13,31
2018-01-14,31
2018-01-15,31
2018-01-16,32
2018-01-17,32
2018-01-18,32
2018-01-19,32
2018-01-20,32
2018-01-21,32
2018-01-22,32
2018-01-23,32
2018-01-24,32
2018-01-25,32
2018-01-26,32
2018-01-27,32
2018-01-28,32
2018-01-29,32
2018-01-30,32
2018-01-31,32
2018-02-01,32
2018-02-02,32
2018-02-03,32
2018-02-04,32
2018-02-05,32
2018-02-06,32
2018-02-07,32
2018-02-08,32
2018-02-09,32
2018-02-10,32
2018-02-11,32
2018-02-12,32
2018-02-13,32
2018-02-14,32
2018-02-15,33
2018-02-16,33
2018-02-17,33
2018-02-18,33
2018-02-19,33
2018-02-20,33
2018-02-21,33
2018-02-22,33
2018-02-23,33
2018-02-24,33
2018-02-25,33
2018-02-26,33
2018-02-27,33
2018-02-28,33
2018-03-01,33
2018-03-02,33
2018-03-03,33
2018-03-04,33
2018-03-05,33
2018-03-06,33
2018-03-07,33
2018-03-08,33
2018-03-09,33
2018-03-10,33
2018-03-11,33
2018-03-12,33
2018-03-13,33
2018-03-14,33
2018-03-15,33
2018-03-16,33
2018-03-17,34
2018-03-18,34
2018-03-19,34
2018-03-20,34
2018-03-21,34
2018-03-22,34
2018-03-23,34
2018-03-24,34
2018-03-25,34
2018-03-26,34
2018-03-27,34
2018-03-28,34
2018-03-29,34
2018-03-30,34
2018-03-31,34
2018-04-01,34
2018-04-02,34
2018-04-03,34
2018-04-04,34
2018-04-05,34
2018-04-06,34
2018-04-07,34
2018-04-08,34
2018-04-09,34
2018-04-10,34
2018-04-11,34
2018-04-12,34
2018-04-13,34
2018-04-14,34
2018-04-15,34
2018-04-16,35
2018-04-17,35
2018-04-18,35
2018-04-19,35
2018-04-20,35
2018-04-21,35
2018-04-22,35
2018-04-23,35
2018-04-24,35
2018-04-25,35
2018-04-26,35
2018-04-27,35
2018-04-28,35
2018-04-29,35
2018-04-30,35
2018-05-01,35
2018-05-02,35
2018-05-03,35
2018-05-04,35
2018-05-05,35
2018-05-06,35
2018-05-07,35
2018-05-08,35
2018-05-09,35
2018-05-10,35
2018-05-11,35
2018-05-12,35
2018-05-13,35
2018-05-14,35
2018-05-15,35
2018-05-16,36
2018-05-17,36
2018-05-18,36
2018-05-19,36
2018-05-20,36
2018-05-21,36
2018-05-22,36
2018-05-23,36
2018-05-24,36
2018-05-25,36
2018-05-26,36
2018-05-27,36
2018-05-28,36
2018-05-29,36
2018-05-30,36
2018-05-31,36
2018-06-01,36
2018-06-02,36
2018-06-03,36
2018-06-04,36
2018-06-05,36
2018-06-06,36
2018-06-07,36
2018-06-08,36
2018-06-09,36
2018-06-10,36
2018-06-11,36
2018-06-12,36
2018-06-13,36
2018-06-14,36
2018-06-15,37
2018-06-16,37
2018-06-17,37
2018-06-18,37
2018-06-19,37
2018-06-20,37
2018-06-21,37
2018-06-22,37
2018-06-23,37
2018-06-24,37
2018-06-25,37
2018-06-26,37
2018-06-27,37
2018-06-28,37
2018-06-29,37
2018-06-30,37
2018-07-01,37
2018-07-02,37
2018-07-03,37
2018-07-04,37
2018-07-05,37
2018-07-06,37
2018-07-07,37
2018-07-08,37
2018-07-09,37
2018-07-10,37
2018-07-11,37
2018-07-12,37
2018-07-13,37
2018-07-14,37
2018-07-15,38
2018-07-16,38
2018-07-17,38
2018-07-18,38
2018-07-19,38
2018-07-20,38
2018-07-21,38
2018-07-22,38
2018-07-23,38
2018-07-24,38
2018-07-25,38
2018-07-26,38
2018-07-27,38
2018-07-28,38
2018-07-29,38
2018-07-30,38
2018-07-31,38
2018-08-01,38
2018-08-02,38
2018-08-03,38
2018-08-04,38
2018-08-05,38
2018-08-06,38
2018-08-07,38
2018-08-08,38
2018-08-09,38
2018-08-10,38
2018-08-11,38
2018-08-12,38
2018-08-13,38
2018-08-14,39
2018-08-15,39
2018-08-16,39
2018-08-17,39
2018-08-18,39
2018-08-19,39
2018-08-20,39
2018-08-21,39
2018-08-22,39
2018-08-23,39
2018-08-24,39
2018-08-25,39
2018-08-26,39
2018-08-27,39
2018-08-28,39
2018-08-29,39
2018-08-30,39
2018-08-31,39
2018-09-01,39
2018-09-02,39
2018-09-03,39
2018-09-04,39
2018-09-05,39
2018-09-06,39
2018-09-07,39
2018-09-08,39
2018-09-09,39
2018-09-10,39
2018-09-11,39
2018-09-12,39
2018-09-13,40
2018-09-14,40
2018-09-15,40
2018-09-16,40
2018-09-17,40
2018-09-18,40
2018-09-19,40
2018-09-20,40
2018-09-21,40
2018-09-22,40
2018-09-23,40
2018-09-24,40
2018-09-25,40
2018-09-26,40
2018-09-27,40
2018-09-28,40
2018-09-29,40
2018-09-30,40
2018-10-01,40
2018-10-02,40
2018-10-03,40
2018-10-04,40
2018-10-05,40
2018-10-06,40
2018-10-07,40
2018-10-08,40
2018-10-09,40
2018-10-10,40
2018-10-11,40
2018-10-12,40
2018-10-13,41
2018-10-14,41
2018-10-15,41
2018-10-16,41
2018-10-17,41
2018-10-18,41
2018-10-19,41
2018-10-20,41
2018-10-21,41
2018-10-22,41
2018-10-23,41
2018-10-24,41
2018-10-25,41
2018-10-26,41
2018-10-27,41
2018-10-28,41
2018-10-29,41
2018-10-30,41
2018-10-31,41
2018-11-01,41
2018-11-02,41
2018-11-03,41
2018-11-04,41
2018-11-05,41
2018-11-06,41
2018-11-07,41
2018-11-08,41
2018-11-09,41
2018-11-10,41
2018-11-11,41
2018-11-12,42
2018-11-13,42
2018-11-14,42
2018-11-15,42
2018-11-16,42
2018-11-17,42
2018-11-18,42
2018-11-19,42
2018-11-20,42
2018-11-21,42
2018-11-22,42
2018-11-23,42
2018-11-24,42
2018-11-25,42
2018-11-26,42
2018-11-27,42
2018-11-28,42
2018-11-29,42
2018-11-30,42
2018-12-01,42
2018-12-02,42
2018-12-03,42
2018-12-04,42
2018-12-05,42
2018-12-06,42
2018-12-07,42
2018-12-08,42
2018-12-09,42
2018-12-10,42
2018-12-11,42
2018-12-12,43
2018-12-13,43
2018-12-14,43
2018-12-15,43
2018-12-16,43
2018-12-17,43
2018-12-18,43
2018-12-19,43
2018-12-20,43
2018-12-21,43
2018-12-22,43
2018-12-23,43
2018-12-24,43
2018-12-25,43
2018-12-26,43
2018-12-27,43
2018-12-28,43
2018-12-29,43
2018-12-30,43
2018-12-31,43
2019-01-01,43
2019-01-02,43
2019-01-03,43
2019-01-04,43
2019-01-05,43
2019-01-06,43
2019-01-07,43
2019-01-08,43
2019-01-09,43
2019-01-10,43
2019-01-11,44
2019-01-12,44
2019-01-13,44
2019-01-14,44
2019-01-15,44
2019-01-16,44
2019-01-17,44
2019-01-18,44
2019-01-19,44
2019-01-20,44
2019-01-21,44
2019-01-22,44
2019-01-23,44
2019-01-24,44
2019-01-25,44
2019-01-26,44
2019-01-27,44
2019-01-28,44
2019-01-29,44
2019-01-30,44
2019-01-31,44
2019-02-01,44
2019-02-02,44
2019-02-03,44
2019-02-04,44
2019-02-05,44
2019-02-06,44
2019-02-07,44
2019-02-08,44
2019-02-09,44
2019-02-10,45
2019-02-11,45
2019-02-12,45
2019-02-13,45
2019-02-14,45
2019-02-15,45
2019-02-16,45
2019-02-17,45
2019-02-18,45
2019-02-19,45
2019-02-20,45
2019-02-21,45
2019-02-22,45
2019-02-23,45
2019-02-24,45
2019-02-25,45
2019-02-26,45
2019-02-27,45
2019-02-28,45
2019-03-01,45
2019-03-02,45
2019-03-03,45
2019-03-04,45
2019-03-05,45
2019-03-06,45
2019-03-07,45
2019-03-08,45
2019-03-09,45
2019-03-10,45
2019-03-11,45
2019-03-12,46
2019-03-13,46
2019-03-14,46
2019-03-15,46
2019-03-16,46
2019-03-17,46
2019-03-18,46
2019-03-19,46
2019-03-20,46
2019-03-21,46
2019-03-22,46
2019-03-23,46
2019-03-24,46
2019-03-25,46
2019-03-26,46
2019-03-27,46
2019-03-28,46
2019-03-29,46
2019-03-30,46
2019-03-31,46
2019-04-01,46
2019-04-02,46
2019-04-03,46
2019-04-04,46
2019-04-05,46
2019-04-06,46
2019-04-07,46
2019-04-08,46
2019-04-09,46
2019-04-10,46
2019-04-11,47
2019-04-12,47
2019-04-13,47
2019-04-14,47
2019-04-15,47
2019-04-16,47
2019-04-17,47
2019-04-18,47
2019-04-19,47
2019-04-20,47
2019-04-21,47
2019-04-22,47
2019-04-23,47
2019-04-24,47
2019-04-25,47
2019-04-26,47
2019-04-27,47
2019-04-28,47
2019-04-29,47
2019-04-30,47
2019-05-01,47
2019-05-02,47
2019-05-03,47
2019-05-04,47
2019-05-05,47
2019-05-06,47
2019-05-07,47
2019-05-08,47
2019-05-09,47
2019-05-10,47
2019-05-11,48
2019-05-12,48
2019-05-13,48
2019-05-14,48
2019-05-15,48
2019-05-16,48
2019-05-17,48
2019-05-18,48
2019-05-19,48
2019-05-20,48
2019-05-21,48
2019-05-22,48
2019-05-23,48
2019-05-24,48
2019-05-25,48
2019-05-26,48
2019-05-27,48
2019-05-28,48
2019-05-29,48
2019-05-30,48
2019-05-31,48
2019-06-01,48
2019-06-02,48
2019-06-03,48
2019-06-04,48
2019-06-05,48
2019-06-06,48
2019-06-07,48
2019-06-08,48
2019-06-09,48
2019-06-10,49
2019-06-11,49
2019-06-12,49
2019-06-13,49
2019-06-14,49
2019-06-15,49
2019-06-16,49
2019-06-17,49
2019-06-18,49
2019-06-19,49
2019-06-20,49
2019-06-21,49
2019-06-22,49
2019-06-23,49
2019-06-24,49
2019-06-25,49
2019-06-26,49
2019-06-27,49
2019-06-28,49
2019-06-29,49
2019-06-30,49
2019-07-01,49
2019-07-02,49
2019-07-03,49
2019-07-04,49
2019-07-05,49
2019-07-06,49
2019-07-07,49
2019-07-08,49
2019-07-09,49
2019-07-10,50
2019-07-11,50
2019-07-12,50
2019-07-13,50
2019-07-14,50
2019-07-15,50
2019-07-16,50
2019-07-17,50
2019-07-18,50
2019-07-19,50
2019-07-20,50
2019-07-21,50
2019-07-22,50
2019-07-23,50
2019-07-24,50
2019-07-25,50
2019-07-26,50
2019-07-27,50
2019-07-28,50
2019-07-29,50
2019-07-30,50
2019-07-31,50
2019-08-01,50
2019-08-02,50
2019-08-03,50
2019-08-04,50
2019-08-05,50
2019-08-06,50
2019-08-07,50
2019-08-08,50
2019-08-09,51
2019-08-10,51
2019-08-11,51
2019-08-12,51
2019-08-13,51
2019-08-14,51
2019-08-15,51
2019-08-16,51
2019-08-17,51
2019-08-18,51
2019-08-19,51
2019-08-20,51
2019-08-21,51
2019-08-22,51
2019-08-23,51
2019-08-24,51
2019-08-25,51
2019-08-26,51
2019-08-27,51
2019-08-28,51
2019-08-29,51
2019-08-30,51
2019-08-31,51
2019-09-01,51
2019-09-02,51
2019-09-03,51
2019-09-04,51
2019-09-05,51
2019-09-06,51
2019-09-07,51
2019-09-08,52
2019-09-09,52
2019-09-10,52
2019-09-11,52
2019-09-12,52
2019-09-13,52
2019-09-14,52
2019-09-15,52
2019-09-16,52
2019-09-17,52
2019-09-18,52
2019-09-19,52
2019-09-20,52
2019-09-21,52
2019-09-22,52
2019-09-23,52
2019-09-24,52
2019-09-25,52
2019-09-26,52
2019-09-27,52
2019-09-28,52
2019-09-29,52
2019-09-30,52
2019-10-01,52
2019-10-02,52
2019-10-03,52
2019-10-04,52
2019-10-05,52
2019-10-06,52
2019-10-07,52
2019-10-08,53
2019-10-09,53
2019-10-10,53
2019-10-11,53
2019-10-12,53
2019-10-13,53
2019-10-14,53
2019-10-15,53
2019-10-16,53
2019-10-17,53
2019-10-18,53
2019-10-19,53
2019-10-20,53
2019-10-21,53
2019-10-22,53
2019-10-23,53
2019-10-24,53
2019-10-25,53
2019-10-26,53
2019-10-27,53
2019-10-28,53
2019-10-29,53
2019-10-30,53
2019-10-31,53
2019-11-01,53
2019-11-02,53
2019-11-03,53
2019-11-04,53
2019-11-05,53
2019-11-06,53
2019-11-07,54
2019-11-08,54
2019-11-09,54
2019-11-10,54
2019-11-11,54
2019-11-12,54
2019-11-13,54
2019-11-14,54
2019-11-15,54
2019-11-16,54
2019-11-17,54
2019-11-18,54
2019-11-19,54
2019-11-20,54
2019-11-21,54
2019-11-22,54
2019-11-23,54
2019-11-24,54
2019-11-25,54
2019-11-26,54
2019-11-27,54
2019-11-28,54
2019-11-29,54
2019-11-30,54
2019-12-01,54
2019-12-02,54
2019-12-03,54
2019-12-04,54
2019-12-05,54
2019-12-06,54
2019-12-07,55
2019-12-08,55
2019-12-09,55
2019-12-10,55
2019-12-11,55
2019-12-12,55
2019-12-13,55
2019-12-14,55
2019-12-15,55
2019-12-16,55
2019-12-17,55
2019-12-18,55
2019-12-19,55
2019-12-20,55
2019-12-21,55
2019-12-22,55
2019-12-23,55
2019-12-24,55
2019-12-25,55
2019-12-26,55
2019-12-27,55
2019-12-28,55
2019-12-29,55
2019-12-30,55
2019-12-31,55
2020-01-01,55
2020-01-02,55
2020-01-03,55
2020-01-04,55
2020-01-05,55
2020-01-06,56
2020-01-07,56
2020-01-08,56
2020-01-09,56
2020-01-10,56
2020-01-11,56
2020-01-12,56
2020-01-13,56
2020-01-14,56
2020-01-15,56
2020-01-16,56
2020-01-17,56
2020-01-18,56
2020-01-19,56
2020-01-20,56
2020-01-21,56
2020-01-22,56
2020-01-23,56
2020-01-24,56
2020-01-25,56
2020-01-26,56
2020-01-27,56
2020-01-28,56
2020-01-29,56
2020-01-30,56
2020-01-31,56
2020-02-01,56
2020-02-02,56
2020-02-03,56
2020-02-04,56
2020-02-05,57
2020-02-06,57
2020-02-07,57
2020-02-08,57
2020-02-09,57
2020-02-10,57
2020-02-11,57
2020-02-12,57
2020-02-13,57
2020-02-14,57
2020-02-15,57
2020-02-16,57
2020-02-17,57
2020-02-18,57
2020-02-19,57
2020-02-20,57
2020-02-21,57
2020-02-22,57
2020-02-23,57
2020-02-24,57
2020-02-25,57
2020-02-26,57
2020-02-27,57
2020-02-28,57
2020-02-29,57
2020-03-01,57
2020-03-02,57
2020-03-03,57
2020-03-04,57
2020-03-05,57
2020-03-06,58
2020-03-07,58
2020-03-08,58
2020-03-09,58
2020-03-10,58
2020-03-11,58
2020-03-12,58
2020-03-13,58
2020-03-14,58
2020-03-15,58
2020-03-16,58
2020-03-17,58
2020-03-18,58
2020-03-19,58
2020-03-20,58
2020-03-21,58
2020-03-22,58
2020-03-23,58
2020-03-24,58
2020-03-25,58
2020-03-26,58
2020-03-27,58
2020-03-28,58
2020-03-29,58
2020-03-30,58
2020-03-31,58
2020-04-01,58
2020-04-02,58
2020-04-03,58
2020-04-04,58
2020-04-05,59
2020-04-06,59
2020-04-07,59
2020-04-08,59
2020-04-09,59
2020-04-10,59
2020-04-11,59
2020-04-12,59
2020-04-13,59
2020-04-14,59
2020-04-15,59
2020-04-16,59
2020-04-17,59
2020-04-18,59
2020-04-19,59
2020-04-20,59
2020-04-21,59
2020-04-22,59
2020-04-23,59
2020-04-24,59
2020-04-25,59
2020-04-26,59
2020-04-27,59
2020-04-28,59
2020-04-29,59
2020-04-30,59
2020-05-01,59
2020-05-02,59
2020-05-03,59
2020-05-04,59
2020-05-05,60
2020-05-06,60
2020-05-07,60
2020-05-08,60
2020-05-09,60
2020-05-10,60
2020-05-11,60
2020-05-12,60
2020-05-13,60
2020-05-14,60
2020-05-15,60
2020-05-16,60
2020-05-17,60
2020-05-18,60
2020-05-19,60
2020-05-20,60
2020-05-21,60
2020-05-22,60
2020-05-23,60
2020-05-24,60
2020-05-25,60
2020-05-26,60
2020-05-27,60
2020-05-28,60
2020-05-29,60
2020-05-30,60
2020-05-31,60
2020-06-01,60
2020-06-02,60
2020-06-03,60
2020-06-04,61
2020-06-05,61
2020-06-06,61
2020-06-07,61
2020-06-08,61
2020-06-09,61
2020-06-10,61
2020-06-11,61
2020-06-12,61
2020-06-13,61
2020-06-14,61
2020-06-15,61
2020-06-16,61
2020-06-17,61
2020-06-18,61
2020-06-19,61
2020-06-20,61
2020-06-21,61
2020-06-22,61
2020-06-23,61
2020-06-24,61
2020-06-25,61
2020-06-26,61
2020-06-27,61
2020-06-28,61
2020-06-29,61
2020-06-30,61
2020-07-01,61
2020-07-02,61
2020-07-03,61
2020-07-04,62
2020-07-05,62
2020-07-06,62
2020-07-07,62
2020-07-08,62
2020-07-09,62
2020-07-10,62
2020-07-11,62
2020-07-12,62
2020-07-13,62
2020-07-14,62
2020-07-15,62
2020-07-16,62
2020-07-17,62
2020-07-18,62
2020-07-19,62
2020-07-20,62
2020-07-21,62
2020-07-22,62
2020-07-23,62
2020-07-24,62
2020-07-25,62
2020-07-26,62
2020-07-27,62
2020-07-28,62
2020-07-29,62
2020-07-30,62
2020-07-31,62
2020-08-01,62
2020-08-02,62
2020-08-03,63
2020-08-04,63
2020-08-05,63
2020-08-06,63
2020-08-07,63
2020-08-08,63
2020-08-09,63
2020-08-10,63
2020-08-11,63
2020-08-12,63
2020-08-13,63
2020-08-14,63
2020-08-15,63
2020-08-16,63
2020-08-17,63
2020-08-18,63
2020-08-19,63
2020-08-20,63
2020-08-21,63
2020-08-22,63
2020-08-23,63
2020-08-24,63
2020-08-25,63
2020-08-26,63
2020-08-27,63
2020-08-28,63
2020-08-29,63
2020-08-30,63
2020-08-31,63
2020-09-01,63
2020-09-02,64
2020-09-03,64
2020-09-04,64
2020-09-05,64
2020-09-06,64
2020-09-07,64
2020-09-08,64
2020-09-09,64
2020-09-10,64
2020-09-11,64
2020-09-12,64
2020-09-13,64
2020-09-14,64
2020-09-15,64
2020-09-16,64
2020-09-17,64
2020-09-18,64
2020-09-19,64
2020-09-20,64
2020-09-21,64
2020-09-22,64
2020-09-23,64
2020-09-24,64
2020-09-25,64
2020-09-26,64
2020-09-27,64
2020-09-28,64
2020-09-29,64
