placementID,locationID,location,camname,date_placed,date_removed,latitude,longitude,habitat,altitude,on/off trail,notes
17,9,BM 14.35,kkl003,6/18/2015,2/4/2016,-1.20752,110.10863,Alluvial Bench,53,ON,
363,9,BM 14.35,kkl074,5/3/2018,7/10/2018,-1.20752,110.10863,Alluvial Bench,53,ON,
18,10,DS 11.40,kkl003,2/4/2016,3/6/2016,-1.207039,110.108244,Alluvial Bench,45,ON,
19,11,DS 12,kkl003,3/6/2016,3/29/2016,-1.20697,110.10837,Alluvial Bench,45,ON,
20,11,DS 12,kkl017,4/16/2016,5/4/2016,-1.20697,110.10837,Alluvial Bench,45,ON,
21,11,DS 12,kkl035,5/5/2016,10/7/2016,-1.20697,110.10837,Alluvial Bench,45,ON,
385,11,DS 12,kkl074,10/15/2018,3/4/2019,-1.20697,110.10837,Alluvial Bench,45,ON,
438,11,DS 12,kkl016,3/5/2019,5/21/2019,-1.20697,110.10837,Alluvial Bench,45,ON,
22,12,GP 71.22,kkl008,6/10/2015,2/2/2016,-1.21033,110.128,Upland Granite,657,ON,
23,13,GP 66.01,kkl008,2/2/2016,10/26/2016,-1.21087,110.12574,Upland Granite,552,ON,
174,127,DT 8.46,kkl001,6/23/2015,1/30/2016,-1.2281,110.10597,Alluvial Bench,59,ON,
178,128,MT 2,kkl001,6/18/2015,6/23/2015,-1.21856,110.10485,Alluvial Bench,46,ON,
175,129,DA 3.40,kkl001,1/30/2016,7/31/2016,-1.22735,110.10488,Kerangas,58,ON,
212,129,DA 3.40,kkl039,7/31/2016,10/4/2016,-1.22735,110.10488,Kerangas,58,ON,
374,129,DA 3.40,kkl050,5/2/2018,7/14/2018,-1.22735,110.10488,Kerangas,58,ON,
183,130,BC 2.19,kkl002,6/18/2015,1/31/2016,-1.21712,110.10572,Lowland Sandstone,46,ON,
440,130,BC 2.19,kkl052,3/25/2019,8/6/2019,-1.21712,110.10572,Lowland Sandstone,46,ON,
173,131,BC 8.30,kkl002,1/30/2016,10/7/2016,-1.21815,110.1082,Lowland Sandstone,68,ON,
375,131,BC 8.30,kkl052,6/3/2018,10/15/2018,-1.21815,110.1082,Lowland Sandstone,68,ON,
177,132,ST 5,kkl004,6/20/2015,1/31/2016,-1.21596,110.10131,Freshwater Swamp,48,ON,
442,132,ST 5,kkl062,3/25/2019,7/8/2019,-1.21596,110.10131,Freshwater Swamp,48,ON,
176,133,RB 9,kkl004,1/31/2016,10/7/2016,-1.21382,110.10215,Freshwater Swamp,43,ON,
330,133,RB 9,kkl045,12/23/2017,3/23/2018,-1.21382,110.10215,Freshwater Swamp,43,ON,
180,134,SP 31.22,kkl005,6/20/2015,1/30/2016,-1.22784,110.10319,Kerangas,57,ON,
431,134,SP 31.22,kkl067,3/10/2019,8/6/2019,-1.22784,110.10319,Kerangas,57,ON,
179,135,SK 10.35,kkl005,1/30/2016,10/4/2016,-1.22219,110.10448,Alluvial Bench,55,ON,
332,135,SK 10.35,kkl050,12/24/2017,5/2/2018,-1.22219,110.10448,Alluvial Bench,55,ON,
181,136,MB 17.16,kkl006,6/20/2015,2/5/2016,-1.22302,110.10008,Freshwater Swamp,45,ON,
353,136,MB 17.16,kkl014,3/30/2018,4/2/2018,-1.22302,110.10008,Freshwater Swamp,45,ON,
182,137,SZ 15.25,kkl006,2/5/2016,10/8/2016,-1.22079,110.09916,Freshwater Swamp,49,ON,
184,138,GP 60.34,kkl007,6/19/2015,2/2/2016,-1.21043,110.12347,Upland Granite,439,ON,
366,138,GP 60.34,kkl008,5/1/2018,9/27/2018,-1.21043,110.12347,Upland Granite,439,ON,
185,139,MR 9.40,kkl007,2/2/2016,10/19/2016,-1.21222,110.12592,Upland Granite,489,ON,
386,139,MR 9.40,kkl007,5/4/2018,10/20/2018,-1.21222,110.12592,Upland Granite,489,ON,
186,140,GP 79.35,kkl009,6/19/2015,2/2/2016,-1.21,110.13112,Upland Granite,788,ON,
328,140,GP 79.35,kkl040,2/15/2018,4/18/2018,-1.21,110.13112,Upland Granite,788,ON,
187,141,PP 3.35,kkl009,2/2/2016,7/31/2016,-1.21142,110.13108,Upland Granite,742,ON,
210,141,PP 3.35,kkl040,7/31/2016,10/26/2016,-1.21142,110.13108,Upland Granite,742,ON,
420,141,PP 3.35,kkl056,7/15/2018,8/5/2018,-1.21142,110.13108,Upland Granite,742,ON,
188,142,GP 90,kkl010,6/19/2015,2/2/2016,-1.20939,110.13502,Montane,1003,ON,
356,142,GP 90,kkl076,5/8/2018,7/15/2018,-1.20939,110.13502,Montane,1003,ON,
446,142,GP 90,kkl076,4/9/2019,6/23/2019,-1.20939,110.13502,Montane,1003,ON,
189,143,GP 94.30,kkl010,2/2/2016,7/31/2016,-1.2096,110.13661,Montane,1033,ON,
211,143,GP 94.30,kkl042,7/31/2016,10/26/2016,-1.2096,110.13661,Montane,1033,ON,
347,143,GP 94.30,kkl076,1/9/2018,5/8/2018,-1.2096,110.13661,Montane,1033,ON,
190,144,KP 33.32,kkl011,6/20/2015,3/8/2016,-1.21188,110.09911,Peat Swamp,62,ON,
321,144,KP 33.32,kkl029,12/23/2017,9/16/2018,-1.21188,110.09911,Peat Swamp,62,ON,
191,145,KP 7.06,kkl011,3/8/2016,4/12/2016,-1.21024,110.09765,Peat Swamp,53,ON,
192,146,KP 5.44,kkl011,4/12/2016,10/25/2016,-1.2108,110.09754,Peat Swamp,34,ON,
398,146,KP 5.44,kkl029,10/11/2018,10/21/2018,-1.2108,110.09754,Peat Swamp,34,ON,
193,147,SK 2.13,kkl012,6/20/2015,1/31/2016,-1.21929,110.10307,Alluvial Bench,57,ON,
346,147,SK 2.13,kkl075,12/25/2017,4/14/2018,-1.21929,110.10307,Alluvial Bench,57,ON,
194,148,MT 1.40,kkl012,1/31/2016,8/29/2016,-1.21851,110.10475,Alluvial Bench,41,ON,
408,148,MT 1.40,kkl045,9/30/2018,1/10/2019,-1.21851,110.10475,Alluvial Bench,41,ON,
195,149,TL 17.38,kkl013,6/21/2015,2/23/2016,-1.20737,110.11285,Lowland Sandstone,80,ON,
320,149,TL 17.38,kkl026,12/29/2017,3/25/2018,-1.20737,110.11285,Lowland Sandstone,80,ON,
354,149,TL 17.38,kkl016,3/25/2018,5/21/2018,-1.20737,110.11285,Lowland Sandstone,80,ON,
196,150,GP 30.24,kkl014,6/21/2015,2/23/2016,-1.21605,110.11442,Lowland Granite,226,ON,
197,151,TL 35.42,kkl014,2/23/2016,12/7/2016,-1.2081,110.11807,Lowland Granite,273,ON,
319,151,TL 35.42,kkl022,12/29/2017,3/24/2018,-1.2081,110.11807,Lowland Granite,273,ON,
430,151,TL 35.42,kkl052,2/11/2019,3/2/2019,-1.2081,110.11807,Lowland Granite,273,ON,
198,152,ML 22.48,kkl015,6/21/2015,2/2/2016,-1.21272,110.11988,Lowland Granite,355,ON,
199,153,ML 5.06,kkl015,2/2/2016,10/20/2016,-1.21809,110.11567,Lowland Granite,193,ON,
200,154,UB 17.02,kkl016,6/22/2015,10/10/2016,-1.22393,110.11439,Lowland Granite,209,ON,
358,154,UB 17.02,kkl026,4/30/2018,10/14/2018,-1.22393,110.11439,Lowland Granite,209,ON,
201,155,HB 15.38,kkl017,6/22/2015,12/1/2015,-1.22905,110.11547,Lowland Granite,386,ON,
220,155,HB 15.38,kkl024,12/26/2015,2/22/2016,-1.22905,110.11547,Lowland Granite,386,ON,
429,155,HB 15.38,kkl064,3/14/2019,7/9/2019,-1.22905,110.11547,Lowland Granite,386,ON,
203,156,HB 2.25,kkl024,2/22/2016,10/11/2016,-1.23304,110.11118,Lowland Granite,282,ON,
406,156,HB 2.25,kkl024,12/22/2018,3/10/2019,-1.23304,110.11118,Lowland Granite,282,ON,
204,157,AT 7.21,kkl018,6/22/2015,1/12/2016,-1.22359,110.11033,Lowland Sandstone,95,ON,
205,157,AT 7.21,kkl028,1/12/2016,1/30/2016,-1.22359,110.11033,Lowland Sandstone,95,ON,
399,157,AT 7.21,kkl028,10/19/2018,11/19/2018,-1.22359,110.11033,Lowland Sandstone,95,ON,
206,158,AT 11.33,kkl028,1/30/2016,10/5/2016,-1.22547,110.11023,Lowland Sandstone,85,ON,
143,159,UB 22.30,kkl018,2/22/2016,5/12/2016,-1.226,110.11576,Lowland Granite,276,ON,
400,159,UB 22.30,kkl022,10/14/2018,11/26/2018,-1.226,110.11576,Lowland Granite,276,ON,
426,159,UB 22.30,kkl026,12/22/2018,1/29/2019,-1.226,110.11576,Lowland Granite,276,ON,
144,160,DG 2.15,kkl019,8/15/2015,1/31/2016,-1.21263,110.10065,Freshwater Swamp,43,ON,
145,161,GB 8.30,kkl019,1/31/2016,10/7/2016,-1.21013,110.10319,Freshwater Swamp,33,ON,
146,162,BD 7.45,kkl020,8/15/2015,11/18/2015,-1.20966,110.09449,Peat Swamp,44,ON,
387,162,BD 7.45,kkl063,10/14/2018,11/23/2018,-1.20966,110.09449,Peat Swamp,44,ON,
147,163,SI 15.10,kkl021,8/16/2015,2/20/2016,-1.22791,110.11164,Lowland Sandstone,146,ON,
147,163,SI 15.10,kkl021,12/26/2017,5/11/2018,-1.22791,110.11164,Lowland Sandstone,146,ON,
148,164,DP 8,kkl021,2/20/2016,10/11/2016,-1.23304,110.10912,Lowland Sandstone,193,ON,
148,164,DP 8,kkl021,5/19/2018,6/4/2018,-1.23304,110.10912,Lowland Sandstone,193,ON,
149,165,UB 46.02,kkl022,8/18/2015,2/9/2016,-1.22957,110.12312,Upland Granite,535,ON,
357,165,UB 46.02,kkl078,4/30/2018,6/13/2018,-1.22957,110.12312,Upland Granite,535,ON,
150,166,NB 10.20,kkl022,2/9/2016,10/10/2016,-1.2265,110.1208,Upland Granite,407,ON,
415,166,NB 10.20,OFP084,12/27/2018,9/18/2019,-1.2265,110.1208,Upland Granite,407,ON,
151,167,UB 58.25,kkl023,8/18/2015,2/9/2016,-1.2287,110.12817,Upland Granite,665,ON,
152,168,UB 63.18,kkl023,2/9/2016,7/31/2016,-1.22912,110.13028,Upland Granite,715,ON,
209,168,UB 63.18,kkl038,7/31/2016,10/10/2016,-1.22912,110.13028,Upland Granite,715,ON,
153,169,ST 18,kkl024,8/12/2015,11/3/2015,-1.22182,110.10114,Alluvial Bench,42,ON,
154,170,UB 75.35,kkl025,8/18/2015,2/9/2016,-1.22993,110.13567,Montane,902,ON,
168,170,UB 75.35,kkl031,2/24/2016,10/10/2016,-1.22993,110.13567,Montane,902,ON,
370,170,UB 75.35,kkl034,8/5/2018,11/11/2018,-1.22993,110.13567,Montane,902,ON,
424,170,UB 75.35,kkl031,3/11/2019,4/28/2019,-1.22993,110.13567,Montane,902,ON,
155,171,UB 80.03,kkl025,2/9/2016,4/17/2016,-1.23109,110.13722,Montane,950,ON,
221,171,UB 80.03,kkl034,4/17/2016,10/10/2016,-1.23109,110.13722,Montane,950,ON,
156,172,UB 85.30,kkl026,8/18/2015,2/9/2016,-1.23188,110.13854,Montane,1011,ON,
315,172,UB 85.30,kkl031,12/24/2017,4/19/2018,-1.23188,110.13854,Montane,1011,ON,
388,172,UB 85.30,kkl064,10/9/2018,11/18/2018,-1.23188,110.13854,Montane,1011,ON,
157,173,JJ 2.30,kkl026,2/9/2016,10/10/2016,-1.23046,110.13847,Montane,942,ON,
316,173,JJ 2.30,kkl064,12/24/2017,3/24/2018,-1.23046,110.13847,Montane,942,ON,
158,174,DA 12.40,kkl027,8/12/2015,1/30/2016,-1.22856,110.10848,Lowland Sandstone,63,ON,
365,174,DA 12.40,kkl005,5/2/2018,9/15/2018,-1.22856,110.10848,Lowland Sandstone,63,ON,
159,175,BK 4.35,kkl027,1/30/2016,10/5/2016,-1.22942,110.10719,Lowland Sandstone,71,ON,
414,175,BK 4.35,OFP085,2/2/2019,3/25/2019,-1.22942,110.10719,Lowland Sandstone,71,ON,
160,176,ST 18 E 20,kkl028,8/12/2015,11/3/2015,-1.22182,110.10114,Alluvial Bench,42,OFF,
161,177,BK 12.45,kkl029,8/12/2015,1/30/2016,-1.22907,110.10375,Kerangas,42,ON,
323,177,BK 12.45,kkl067,12/24/2017,5/2/2018,-1.22907,110.10375,Kerangas,42,ON,
422,177,BK 12.45,kkl077,2/2/2019,9/22/2019,-1.22907,110.10375,Kerangas,42,ON,
162,178,BK 10.30,kkl029,1/30/2016,10/5/2016,-1.22909,110.10467,Kerangas,57,ON,
362,178,BK 10.30,kkl077,5/2/2018,7/14/2018,-1.22909,110.10467,Kerangas,57,ON,
163,179,RS 22.3,kkl030,8/12/2015,1/12/2016,-1.22369,110.09772,Freshwater Swamp,25,ON,
164,179,RS 22.3,kkl036,1/12/2016,2/5/2016,-1.22369,110.09772,Freshwater Swamp,25,ON,
165,180,PB 12.35,kkl030,2/24/2016,6/14/2016,-1.21284,110.11249,Lowland Sandstone,93,ON,
208,180,PB 12.35,kkl037,6/14/2016,10/7/2016,-1.21284,110.11249,Lowland Sandstone,93,ON,
166,181,RS 29.15,kkl036,2/5/2016,10/8/2016,-1.22639,110.09879,Freshwater Swamp,34,ON,
390,181,RS 29.15,kkl070,9/29/2018,10/6/2018,-1.22639,110.09879,Freshwater Swamp,34,ON,
169,182,IF 46.05,kkl032,3/8/2016,4/12/2016,-1.21021,110.0858,Peat Swamp,41,ON,
207,182,IF 46.05,kkl033,4/12/2016,10/25/2016,-1.21021,110.0858,Peat Swamp,41,ON,
443,182,IF 46.05,kkl063,3/14/2019,8/29/2019,-1.21021,110.0858,Peat Swamp,41,ON,
213,183,MT 2.10,kkl012,1/31/2016,1/31/2016,-1.21021,110.0858,Peat Swamp,46,ON,
215,184,DT 1.42,kkl005,10/4/2016,5/18/2017,-1.22505,110.10629,Alluvial Bench,40,ON,
436,184,DT 1.42,OFP088,1/31/2019,3/31/2019,-1.22505,110.10629,Alluvial Bench,40,ON,
214,185,DA 2,kkl039,10/4/2016,5/18/2017,-1.22727,110.10414,Kerangas,63,ON,
216,186,SP 34.40,kkl029,10/5/2016,5/18/2017,-1.2294,110.10316,Kerangas,44,ON,
389,186,SP 34.40,kkl067,9/27/2018,1/31/2019,-1.2294,110.10316,Kerangas,44,ON,
217,187,DL 0.35,kkl027,10/5/2016,1/4/2017,-1.23053,110.1068,Lowland Sandstone,48,ON,
250,187,DL 0.35,kkl014,1/4/2017,5/18/2017,-1.23053,110.1068,Lowland Sandstone,48,ON,
404,187,DL 0.35,kkl005,9/27/2018,2/2/2019,-1.23053,110.1068,Lowland Sandstone,48,ON,
218,188,AT 3,kkl028,10/5/2016,5/28/2017,-1.22211,110.1093,Lowland Sandstone,113,ON,
219,189,FK 1.45,kkl043,10/5/2016,5/27/2017,-1.21474,110.10391,Alluvial Bench,62,ON,
222,190,RB 0,kkl004,10/7/2016,6/9/2017,-1.21354,110.10599,Freshwater Swamp,58,ON,
380,190,RB 0,kkl062,6/1/2018,7/16/2018,-1.21354,110.10599,Freshwater Swamp,58,ON,
223,191,DS 4.40,kkl019,10/7/2016,4/3/2017,-1.20721,110.10515,Freshwater Swamp,40,ON,
251,191,DS 4.40,kkl046,4/3/2017,5/16/2017,-1.20721,110.10515,Freshwater Swamp,40,ON,
369,191,DS 4.40,kkl023,5/3/2018,10/9/2018,-1.20721,110.10515,Freshwater Swamp,40,ON,
224,192,BM 8.21,kkl035,10/7/2016,5/16/2017,-1.21025,110.10792,Alluvial Bench,48,ON,
345,192,BM 8.21,kkl074,12/25/2017,3/21/2018,-1.21025,110.10792,Alluvial Bench,48,ON,
225,193,CK 4.42,kkl037,10/7/2016,5/27/2017,-1.21281,110.10916,Lowland Sandstone,54,ON,
367,193,CK 4.42,kkl016,5/22/2018,6/19/2018,-1.21281,110.10916,Lowland Sandstone,54,ON,
226,194,BC 12.40,kkl002,10/7/2016,5/24/2017,-1.21856,110.1099,Lowland Sandstone,99,ON,
394,194,BC 12.40,kkl052,12/27/2018,3/24/2019,-1.21856,110.1099,Lowland Sandstone,99,ON,
227,195,ST 32.20,kkl006,10/8/2016,1/27/2017,-1.22839,110.09978,Freshwater Swamp,20,ON,
249,195,ST 32.20,kkl009,1/7/2017,5/26/2017,-1.22839,110.09978,Freshwater Swamp,20,ON,
228,196,RS 38.38,kkl036,10/8/2016,5/17/2017,-1.22937,110.09727,Freshwater Swamp,62,ON,
324,196,RS 38.38,kkl070,12/24/2017,7/18/2018,-1.22937,110.09727,Freshwater Swamp,62,ON,
229,197,NB 15.20,kkl022,10/10/2016,5/28/2017,-1.22669,110.12268,Upland Granite,465,ON,
327,197,NB 15.20,kkl037,12/23/2017,4/4/2018,-1.22669,110.12268,Upland Granite,465,ON,
230,198,JJ 4.40,kkl031,10/10/2016,5/25/2017,-1.23008,110.13797,Montane,909,ON,
396,198,JJ 4.40,kkl034,10/9/2018,10/17/2018,-1.23008,110.13797,Montane,909,ON,
232,199,UB 38,kkl038,10/10/2016,10/27/2016,-1.22895,110.11899,Upland Granite,438,ON,
244,199,UB 38,kkl038,10/27/2016,6/3/2017,-1.22895,110.11899,Upland Granite,438,ON,
397,199,UB 38,kkl038,10/11/2018,2/17/2019,-1.22895,110.11899,Upland Granite,438,ON,
233,200,UB 24.30,kkl026,10/10/2016,5/20/2017,-1.22688,110.11605,Lowland Granite,307,ON,
234,201,HB 10,kkl024,10/11/2016,6/8/2017,-1.23045,110.11352,Lowland Granite,316,ON,
235,202,DP 4.30,kkl021,10/11/2016,5/19/2017,-1.232,110.10819,Lowland Sandstone,118,ON,
236,203,FS 11.44,kkl007,10/19/2016,5/19/2017,-1.21488,110.12775,Upland Granite,501,ON,
237,204,ML 12.25,kkl015,10/20/2016,5/19/2017,-1.21508,110.11685,Lowland Granite,247,ON,
238,205,TZ 12.30,kkl033,10/25/2016,5/22/2017,-1.20591,110.09202,Peat Swamp,28,ON,
381,205,TZ 12.30,kkl063,5/11/2018,7/12/2018,-1.20591,110.09202,Peat Swamp,28,ON,
239,206,KP 21.30,kkl011,10/25/2016,6/4/2017,-1.20648,110.09936,Peat Swamp,30,ON,
240,207,GP 41.30,kkl016,10/25/2016,5/20/2017,-1.21183,110.1166,Lowland Granite,267,ON,
241,208,GP 83.10,kkl040,11/9/2016,11/24/2016,-1.20949,110.1329,Montane,854,ON,
246,208,GP 83.10,kkl040,10/26/2016,11/9/2016,-1.20949,110.1329,Montane,854,ON,
248,208,GP 83.10,kkl040,11/24/2016,5/25/2017,-1.20949,110.1329,Montane,854,ON,
242,209,GP 100.40,kkl042,10/26/2016,11/9/2016,-1.21057,110.13915,Montane,1016,ON,
245,209,GP 100.40,kkl042,11/9/2016,11/24/2016,-1.21057,110.13915,Montane,1016,ON,
247,209,GP 100.40,kkl042,11/24/2016,5/25/2017,-1.21057,110.13915,Montane,1016,ON,
432,209,GP 100.40,kkl076,12/25/2018,3/11/2019,-1.21057,110.13915,Montane,1016,ON,
243,210,GP 56.25,kkl008,10/26/2016,5/16/2017,-1.21087,110.12183,Upland Granite,383,ON,
243,210,GP 56.25,kkl008,12/26/2017,5/1/2018,-1.21087,110.12183,Upland Granite,383,ON,
231,211,UB 77.15,kkl034,10/10/2016,5/25/2017,-1.23033,110.13632,Montane,935,ON,
252,212,BM 10.40,kkl046,5/16/2017,9/1/2017,-1.2094,110.10841,Alluvial Bench,27,ON,
306,212,BM 10.40,kkl074,10/17/2017,12/25/2017,-1.2094,110.10841,Alluvial Bench,27,ON,
253,213,RS 32.30,kkl036,5/17/2017,6/3/2017,-1.22702,110.09763,Freshwater Swamp,40,ON,
279,213,RS 32.30,kkl027,7/27/2017,11/13/2017,-1.22702,110.09763,Freshwater Swamp,40,ON,
254,214,TR 9,kkl035,5/17/2017,9/22/2017,-1.21819,110.09994,Freshwater Swamp,29,ON,
255,215,BS 0.15,kkl005,5/18/2017,5/2/2018,-1.23198,110.10516,Alluvial Bench,43,ON,
256,216,CH 14.05,kkl014,5/18/2017,8/15/2017,-1.22922,110.10459,Kerangas,36,ON,
281,216,CH 14.05,kkl023,8/28/2017,12/31/2017,-1.22922,110.10459,Kerangas,36,ON,
348,216,CH 14.05,kkl077,1/29/2018,5/2/2018,-1.22922,110.10459,Kerangas,36,ON,
411,216,CH 14.05,kkl077,12/18/2018,4/29/2019,-1.22922,110.10459,Kerangas,36,ON,
257,217,CH 11.05,kkl039,5/18/2017,8/28/2017,-1.22796,110.10457,Kerangas,28,ON,
308,217,CH 11.05,kkl044,10/5/2017,11/4/2017,-1.22796,110.10457,Kerangas,28,ON,
258,218,SP 24,kkl029,5/18/2017,8/14/2017,-1.22446,110.10305,Alluvial Bench,18,ON,
301,218,SP 24,kkl069,9/16/2017,11/18/2017,-1.22446,110.10305,Alluvial Bench,18,ON,
393,218,SP 24,kkl050,9/27/2018,11/7/2018,-1.22446,110.10305,Alluvial Bench,18,ON,
259,219,TK 22.25,kkl008,5/16/2017,11/14/2017,-1.21211,110.12435,Upland Granite,461,ON,
403,219,TK 22.25,kkl008,10/16/2018,2/20/2019,-1.21211,110.12435,Upland Granite,461,ON,
423,219,TK 22.25,kkl007,3/7/2019,-,-1.21211,110.12435,Upland Granite,461,ON,
260,220,GP 86.08,kkl040,5/16/2017,1/17/2018,-1.20972,110.13365,Montane,892,ON,
261,221,FS 20,kkl007,5/19/2017,1/8/2018,-1.21528,110.13099,Upland Granite,713,ON,
405,221,FS 20,kkl007,12/20/2018,2/27/2019,-1.21528,110.13099,Upland Granite,713,ON,
262,222,GP 24.31,kkl015,5/19/2017,5/31/2018,-1.218151,110.114208,Lowland Granite,186,ON,
263,223,UB 13.40,kkl026,5/20/2017,4/30/2018,-1.22255,110.11338,Lowland Granite,185,ON,
264,224,SI 21.08,kkl021,5/19/2017,4/30/2018,-1.23021,110.1106,Lowland Sandstone,126,ON,
401,224,SI 21.08,kkl021,10/11/2018,3/14/2019,-1.23021,110.1106,Lowland Sandstone,126,ON,
265,225,TL 26.10,kkl016,5/20/2017,12/29/2017,-1.20605,110.11582,Lowland Granite,154,ON,
412,225,TL 26.10,kkl080,12/21/2018,1/16/2019,-1.20605,110.11582,Lowland Granite,154,ON,
266,226,IF 32.03,kkl033,5/22/2017,9/26/2017,-1.21004,110.09153,Peat Swamp,27,ON,
309,226,IF 32.03,kkl063,9/26/2017,5/11/2018,-1.21004,110.09153,Peat Swamp,27,ON,
267,227,GP 12.24,kkl019,7/7/2017,5/30/2018,-1.2198,110.10908,Lowland Sandstone,68,ON,
268,228,GP 106.40,kkl042,5/25/2017,6/4/2017,-1.21232,110.14107,Montane,1004,ON,
317,228,GP 106.40,kkl076,11/6/2017,1/9/2018,-1.21232,110.14107,Montane,1004,ON,
269,229,UB 72.05,kkl034,5/25/2017,11/6/2017,-1.22965,110.13408,Upland Granite,851,ON,
270,230,UB 91.20,kkl031,5/25/2017,12/24/2017,-1.23236,110.1416,Montane,1050,ON,
425,230,UB 91.20,kkl021,3/18/2019,7/23/2019,-1.23236,110.1416,Montane,1050,ON,
271,231,BS 8.44,kkl009,5/26/2017,7/15/2017,-1.23191,110.10147,Freshwater Swamp,44,ON,
302,231,BS 8.44,kkl070,9/16/2017,12/24/2017,-1.23191,110.10147,Freshwater Swamp,44,ON,
272,232,RB 4.40,kkl043,5/27/2017,8/23/2017,-1.21353,110.10411,Alluvial Bench,28,ON,
305,232,RB 4.40,kkl075,10/17/2017,12/25/2017,-1.21353,110.10411,Alluvial Bench,28,ON,
378,232,RB 4.40,kkl060,6/1/2018,7/16/2018,-1.21353,110.10411,Alluvial Bench,28,ON,
273,233,AT 16.15,kkl028,5/28/2017,5/2/2018,-1.2273,110.10926,Lowland Sandstone,68,ON,
274,234,TZ 3.35,kkl011,6/4/2017,7/24/2017,-1.20626,110.09629,Peat Swamp,6,ON,
307,234,TZ 3.35,kkl029,8/26/2017,11/25/2017,-1.20626,110.09629,Peat Swamp,6,ON,
439,234,TZ 3.35,kkl029,4/10/2019,7/31/2019,-1.20626,110.09629,Peat Swamp,6,ON,
275,235,HB 5.05,kkl024,6/8/2017,11/28/2017,-1.23191,110.11232,Lowland Granite,283,ON,
276,236,RS 5.10,kkl045,6/10/2017,11/9/2017,-1.21605,110.0973,Freshwater Swamp,15,ON,
277,237,UB 50.03,kkl038,6/12/2017,1/17/2018,-1.22854,110.12444,Upland Granite,578,ON,
427,237,UB 50.03,kkl038,2/18/2019,6/11/2019,-1.22854,110.12444,Upland Granite,578,ON,
278,238,MS 16.40,kkl022,6/12/2017,9/30/2017,-1.23092,110.13931,Montane,595,ON,
280,243,AY 3,kkl037,6/27/2017,11/5/2017,-1.216796,110.112441,Lowland Sandstone,160,ON,
445,243,AY 3,kkl075,3/25/2019,8/24/2019,-1.216796,110.112441,Lowland Sandstone,160,ON,
287,244,LD 10 E 75,kkl047,8/18/2017,3/3/2018,S 01.27742°,E 110.10647°,Logged Alluvial Bench,31,OFF,
286,245,RK 7.30 W 52,kkl048,8/17/2017,1/7/2018,-1.266157,110.11059,Logged Alluvial Bench,34,OFF,
285,246,LD 9.42,kkl049,8/18/2017,1/14/2018,S 01.27737°,E 110.10583°,Logged Alluvial Bench,32,ON,
433,246,LD 9.42,kkl079,2/24/2019,9/11/2019,S 01.27737°,E 110.10583°,Logged Alluvial Bench,32,ON,
284,247,SP 24 W 44,kkl050,1800-01-01,11/13/2017,-1.22447,110.102659,Alluvial Bench,18,OFF,
283,248,AT 16.15 W 46,kkl051,8/18/2017,11/18/2017,-1.22709,110.108903,Lowland Sandstone,59,OFF,
282,249,UB 0.43 E 44,kkl052,9/18/2017,6/2/2018,-1.220021,110.109601,Lowland Sandstone,82,OFF,
289,250,BM 0.30 W 20,kkl053,8/19/2017,11/16/2017,-1.213016,110.106294,Freshwater Swamp,30,OFF,
290,251,DT 5.05,kkl055,8/19/2017,11/19/2017,-1.226361,110.105594,Alluvial Bench,48,ON,
295,252,GP 86.08 S 56,kkl056,9/25/2017,11/12/2017,-1.210249,110.133626,Montane,882,OFF,
294,253,BS 8.45 S 55,kkl057,9/15/2017,11/12/2017,-1.232417,110.10147,Freshwater Swamp,46,OFF,
293,254,UB 14 E 60,kkl058,8/20/2017,11/19/2017,-1.222567,110.113954,Lowland Granite,193,OFF,
288,255,IF 32.24 S 42,kkl061,8/19/2017,2/23/2018,-1.210419,110.091318,Peat Swamp,27,OFF,
292,263,GP 24 S 48,kkl059,8/21/2017,11/21/2017,-1.218751,110.113947,Lowland Granite,165,ON,
291,264,TR 9 N 52,kkl060,8/22/2017,11/19/2017,-1.217715,110.099927,Freshwater Swamp,29,OFF,
296,268,UB 50.03 S 52,kkl062,9/9/2017,1/17/2018,-1.229008,110.124474,Upland Granite,554,OFF,
297,269,UB 91.20 S 40,kkl064,9/9/2017,12/24/2017,-1.23272,110.141607,Montane,1042,OFF,
298,270,BM 10.40 E 40,kkl065,9/11/2017,11/16/2017,-1.209358,110.108778,Alluvial Bench,39,OFF,
299,271,CH 11.10 E 52,kkl067,9/10/2017,11/13/2017,-1.227944,110.105025,Kerangas,47,OFF,
300,272,BR 12 N 50,kkl068,9/12/2017,1/8/2018,-1.236125,110.098313,Freshwater Swamp,30,OFF,
304,274,TK 22 S 52,kkl071,9/17/2017,12/26/2017,-1.212569,110.124359,Upland Granite,441,OFF,
391,274,TK 22 S 52,kkl071,10/17/2018,11/25/2018,-1.212569,110.124359,Upland Granite,441,OFF,
313,275,AB 7.25 NW 44,kkl001,10/1/2017,10/3/2017,-1.206324,110.140971,Montane,852,OFF,
314,276,PK 2 N 58,kkl011,10/1/2017,10/26/2017,-1.21031,110.140671,Montane,969,OFF,
311,277,AB 7.25,kkl072,10/1/2017,12/18/2017,-1.206595,110.141271,Montane,862,ON,
312,278,PK 2,kkl073,10/1/2017,1/25/2018,-1.210832,110.140664,Montane,996,ON,
318,279,RK 7.30,kkl002,9/24/2017,1/14/2018,-1.266188,110.111062,Logged Alluvial Bench,36,ON,
310,286,BR 12,kkl066,9/12/2017,1/8/2018,-1.236585,110.098309,Freshwater Swamp,28,ON,
322,288,TL 35.4 W 54,kkl059,12/29/2017,5/7/2018,-1.20806,110.117583,Lowland Granite,264,OFF,
325,289,RK 24.35,kkl002,1/14/2018,4/4/2018,-1.263594,110.1177,Logged Alluvial Bench,48,ON,
326,290,JJ 2.30 W 50,kkl034,1/9/2018,4/19/2018,-1.230457,110.138007,Montane,925,OFF,
329,291,SK 10.35 W 51,kkl043,12/27/2017,5/1/2018,-1.222175,110.104026,Alluvial Bench,55,OFF,
331,292,RK 24.35 S 55,kkl048,1/24/2018,6/3/2018,-1.264092,110.117694,Logged Alluvial Bench,46,OFF,
333,293,RS 30.40 E 25,kkl054,12/24/2017,3/22/2018,-1.226754,110.09842,Freshwater Swamp,42,OFF,
334,294,MB 1.45,kkl055,12/26/2017,4/18/2018,-1.223049,110.105041,Alluvial Bench,43,ON,
335,295,GP 79.33 E 50,kkl056,1/17/2018,3/24/2018,-1.210099,110.131501,Upland Granite,796,OFF,
336,296,RB 9 N 62,kkl060,12/23/2017,6/1/2018,-1.213252,110.102158,Freshwater Swamp,42,OFF,
337,297,DG 2.30,kkl062,1/26/2018,6/1/2018,-1.212382,110.100626,Freshwater Swamp,45,ON,
338,298,BK 12.45 N 58,kkl044,1/26/2018,4/2/2018,-1.228543,110.10372,Kerangas,45,OFF,
339,299,JK 10,kkl049,1/14/2018,1/20/2018,S 01.27972°,E 110.10212°,Logged Alluvial Bench,22,ON,
340,300,SI 15.10 W 51,kkl051,12/26/2017,3/18/2018,-1.22779,110.111192,Lowland Sandstone,110,OFF,
341,301,SK 5 E 60,kkl053,12/25/2017,5/30/2018,-1.220292,110.104103,Alluvial Bench,46,OFF,
342,302,RS 38.38 W 50,kkl057,12/24/2017,7/13/2018,-1.229369,110.096796,Freshwater Swamp,62,OFF,
343,303,AG 6.40,kkl066,1/8/2018,4/23/2018,-1.239568,110.094992,Freshwater Swamp,42,ON,
434,303,AG 6.40,kkl080,3/10/2019,5/23/2019,-1.239568,110.094992,Freshwater Swamp,42,ON,
344,304,GP 56.25 N 42,kkl071,12/26/2017,5/1/2018,-1.210455,110.121751,Upland Granite,385,OFF,
349,305,UB 63.18 S 40,kkl078,2/9/2018,4/30/2018,-1.229488,110.13027,Upland Granite,701,OFF,
350,306,SK 2.13 W 137,kkl065,2/14/2018,4/22/2018,-1.219266,110.101839,Alluvial Bench,52,OFF,
351,307,AN 2.30,kkl072,1/25/2018,3/24/2018,-1.206773,110.142703,Montane,887,ON,
352,308,PA 15.05,kkl073,1/25/2018,3/24/2018,-1.209839,110.142075,Montane,939,ON,
355,309,UB 75.35 W 60,kkl064,5/8/2018,7/15/2018,-1.229965,110.135136,Montane,859,OFF,
359,310,MI 7.15,kkl079,5/4/2018,10/4/2018,S 01.28223°,E 110.10023°,Logged Alluvial Bench,86,ON,
360,311,AG 6.40 E 65,kkl068,2/5/2018,5/7/2018,-1.239603,110.095561,Freshwater Swamp,41,OFF,
410,311,AG 6.40 E 65,kkl068,1/28/2019,3/10/2019,-1.239603,110.095561,Freshwater Swamp,41,OFF,
361,312,HB 5.05 W 50,kkl058,2/12/2018,5/9/2018,-1.231888,110.111868,Lowland Granite,254,OFF,
364,313,BK 10.30 NE 50,kkl001,5/7/2018,5/26/2018,-1.228713,110.104936,Kerangas,50,OFF,
371,314,DA 12.40 E 46,kkl043,5/2/2018,9/24/2018,-1.228513,110.108879,Lowland Sandstone,80,OFF,
372,315,RB 4.40 S 50,kkl045,6/1/2018,9/30/2018,-1.213986,110.104114,Alluvial Bench,40,OFF,
373,316,RK 37.15,kkl048,6/4/2018,8/18/2018,-1.258727,110.117104,Logged Alluvial Bench,52,ON,
376,317,HB 2.25 E 46,kkl058,5/9/2018,1/24/2019,-1.233066,110.11159,Lowland Granite,281,OFF,
379,318,TZ 12.30 N 50,kkl061,5/11/2018,7/12/2018,-1.205456,110.092024,Peat Swamp,28,OFF,
382,319,RB 0 N 55,kkl065,6/3/2018,11/25/2018,-1.213043,110.106003,Freshwater Swamp,38,OFF,
383,320,MI 7.18 W 50,kkl047,7/12/2018,9/7/2018,S 01.28225°,E 110.09980°,Logged Alluvial Bench,85,OFF,
384,321,AY 3 N 45,kkl075,10/15/2018,11/24/2018,-1.216385,110.112413,Lowland Sandstone,156,OFF,
392,322,RK 51.04,kkl048,10/4/2018,12/4/2018,-1.258345,110.111962,Logged Alluvial Bench,52,ON,
413,322,RK 51.04,OFP083,12/4/2018,2/4/2019,-1.258345,110.111962,Logged Alluvial Bench,52,ON,
395,323,DL 0.45 E 57,kkl043,9/27/2018,2/2/2019,-1.230513,110.107323,Lowland Sandstone,61,OFF,
402,324,AT 7.21 E 45,kkl019,6/6/2018,1/3/2019,-1.223572,110.110731,Lowland Sandstone,106,OFF,
407,325,BK 4.35 N 45,kkl043,2/2/2019,5/28/2019,S 01.22909°,E 110.10727°,Lowland Sandstone,69,OFF,
409,326,TL 26 S 40,kkl059,12/21/2018,2/9/2019,S 01.20641°,E 110.11581°,Lowland Sandstone,154,OFF,
416,327,SP 34.40 W 40,OFP088,12/18/2018,1/31/2019,S 01.22950°,E 110.10284°,Kerangas,40,OFF,
417,328,BD 7.45 W 50,kkl061,10/14/2018,3/13/2019,S 01.20976°,E 110.09406°,Peat Swamp,43,OFF,
418,329,GP 30.24 W 40,kkl059,7/10/2018,10/18/2018,S 01.21610°,E 110.11407°,Lowland Granite,231,OFF,
419,330,RK 37.15 S 50,OFP083,8/8/2018,10/18/2018,S 01.25910°,E 110.11665°,Logged Alluvial Bench,49,OFF,
428,331,SP 31.22 W 46,kkl058,3/10/2019,4/29/2019,S 01.22781°,E 110.10278°,Kerangas,55,OFF,
435,332,ST 35 W 25,OFP082,11/28/2018,1/9/2019,S 01.22945°,E 110.09951°,Freshwater Swamp,22,OFF,
437,333,PP 3.35 S 50,OFP090,12/25/2018,3/11/2019,S 01.21191°,E 110.13107°,Upland Granite,751,OFF,
441,334,IF 46.05 W 50,kkl061,4/8/2019,9/14/2019,S 01.21023°,E 110.08489°,Peat Swamp,40,OFF,
444,335,ST 5 E 50,kkl065,6/22/2019,8/1/2019,S 01.21596°,E 110.10176°,Freshwater Swamp,44,OFF,
450,337,SP 24 W 55,kkl071,9/24/2019,2/21/2020,-1.22447,110.10254,Alluvial Bench,18,OFF-TRAIL,ajm added-2021-11-09; estimated elevation based on trail address
462,338,BC 12.40 N 55,kkl061,9/17/2019,2/28/2020,-1.21801,110.1099,Lowland Sandstone,95,OFF-TRAIL,ajm added-2021-11-09; estimated elevation based on trail address
465,339,SZ 15.25 W 55,OFP087,9/16/2019,1/24/2020,-1.22081,110.09866,Freshwater Swamp,45,OFF-TRAIL,ajm added-2021-11-09; estimated elevation based on trail address
471,340,DP 8 S 52,OFP097,10/19/2019,12/5/2019,-1.23353,110.10896,Lowland Sandstone,190,OFF-TRAIL,ajm added-2021-11-09; estimated elevation based on trail address
474,341,HB 15.35 e 45,OFP089,11/17/2019,1/12/2020,-1.22919,110.11588,Lowland Granite,380,OFF-TRAIL,ajm added-2021-11-09; estimated elevation based on trail address
479,342,FS 11.44 s 50,kkl075,11/22/2019,12/17/2019,-1.215331,110.127711,Upland Granite,500,OFF-TRAIL,ajm added-2021-11-09; estimated elevation based on trail address
488,343,RS 5 w 55,kkl016,1/22/2020,2/24/2020,-1.21612,110.09686,Freshwater Swamp,14,OFF-TRAIL,ajm added-2021-11-09; estimated elevation based on trail address
523,344,SA 9.04,OFP108,3/28/2020,6/7/2020,-1.24555,110.09908,Logged Alluvial Bench,10,ON-TRAIL,ajm added-2021-11-09; estimated elevation based on trail address
525,345,SY 14.20 N 50,OFP109,3/18/2020,9/23/2020,-1.2844,110.09672,Logged Alluvial Bench,10,OFF-TRAIL,ajm added-2021-11-09; estimated elevation based on trail address
524,346,SY 14.20,OFP107,3/8/2020,9/23/2020,-1.28466,110.09602,Logged Alluvial Bench,10,ON-TRAIL,ajm added-2021-11-09; estimated elevation based on trail address
560,346,SY 14.20,kkl079,1/24/2019,2/24/2019,-1.28466,110.09602,Logged Alluvial Bench,10,ON-TRAIL,ajm added-2021-11-09; estimated elevation based on trail address
541,347,PB 5.00,OFP103,2/14/2020,8/19/2020,-1.21276,110.10895,Lowland Sandstone,54,ON-TRAIL,ajm added-2021-11-09; estimated elevation based on trail address
551,348,SA 22,kkl066,6/2/2018,7/5/2018,-1.24512,110.105,Logged Alluvial Bench,10,ON-TRAIL,ajm added-2021-11-09; estimated elevation based on trail address
552,349,AP 0,kkl062,9/19/2019,10/12/2019,-1.21341,110.10637,Freshwater Swamp,58,ON-TRAIL,ajm added-2021-11-09; estimated elevation based on trail address
563,351,GP 60.34 N 50,kkl071,5/31/2018,10/16/2018,-1.209973,110.12349,Upland Granite,430,OFF-TRAIL,ajm added-2021-11-09; estimated elevation based on trail address
564,352,BC 8.30 S 48,kkl075,7/16/2018,8/30/2018,-1.21861,110.10804,Lowland Sandstone,65,OFF-TRAIL,ajm added-2021-11-09; estimated elevation based on trail address
449,287,RK 7.30 N 1,kkl048,8/24/2019,2/15/2020,-1.26619,110.11106,Logged Alluvial Bench,36,ON,
